enrolled,query,label,minutiae,texture,minutiae_norm,texture_norm,fusion_weighted,fusion_ml,fusion
109_4.tif,109_6.tif,1,0.3227,0.5294431447982788,0.47573786893446723,0.47685238028489907,0.4759496260910493,0.6663832722944618,0.4759496260910493
110_3.tif,110_5.tif,1,0.2783,0.8462544083595276,0.4017008504252126,0.8744188019087816,0.49151726120709066,0.7466573421725231,0.49151726120709066
103_3.tif,103_4.tif,1,0.5981,0.8980931043624878,0.9349674837418709,0.9394711761200942,0.9358231852937333,0.9822791077455821,0.9358231852937333
104_8.tif,105_4.tif,0,0.1473,0.5418368577957153,0.18325829581457392,0.492405249433668,0.24199621700220178,0.3190239601540973,0.24199621700220178
104_1.tif,110_4.tif,0,0.1952,0.48807358741760254,0.26313156578289143,0.42493772703956195,0.29387473642165884,0.358125595050827,0.29387473642165884
106_8.tif,104_8.tif,0,0.2171,0.3162590265274048,0.2996498249124562,0.20932765248554044,0.2824886121513422,0.319808810855205,0.2824886121513422
105_3.tif,105_6.tif,1,0.2289,0.3920701742172241,0.31932632983158243,0.3044630538202036,0.3165023073894204,0.36667890892714233,0.3165023073894204
102_5.tif,104_4.tif,0,0.1622,0.289711058139801,0.208104052026013,0.17601260972285449,0.2020066779884129,0.20030895011765967,0.2020066779884129
103_1.tif,109_6.tif,0,0.2629,0.46110662817955017,0.37602134400533604,0.3910968927023166,0.37888569825776236,0.48814620405775305,0.37888569825776236
107_6.tif,102_6.tif,0,0.1339,0.23446744680404663,0.16091379022844754,0.10668740761529005,0.1506107775319476,0.1412844218290439,0.1506107775319476
107_1.tif,107_5.tif,1,0.1475,0.3410845696926117,0.18359179589794897,0.24048122401615754,0.1944007872404086,0.21670267309798646,0.1944007872404086
110_7.tif,107_4.tif,0,0.1282,0.4398338198661804,0.15140903785225948,0.3644016477669921,0.19187763373605865,0.2282360300101687,0.19187763373605865
104_6.tif,104_7.tif,1,0.5341,0.7840632200241089,0.8282474570618643,0.7963750861484381,0.8221917065883133,0.9626386940321191,0.8221917065883133
105_1.tif,105_8.tif,1,0.1449,0.26654699444770813,0.1792562948140737,0.14694402860988323,0.17311696423527753,0.18312980533726864,0.17311696423527753
105_6.tif,107_2.tif,0,0.25,0.49512529373168945,0.35451058862764717,0.4337869125581572,0.36957309017444406,0.4917656405772893,0.36957309017444406
101_1.tif,101_4.tif,1,0.2816,0.5923758745193481,0.4072036018009005,0.5558266562528096,0.4354419821467632,0.6268246649279421,0.4354419821467632
109_7.tif,108_1.tif,0,0.2381,0.46523964405059814,0.3346673336668334,0.396283413888138,0.3463743889088813,0.43571260069059153,0.3463743889088813
109_3.tif,102_3.tif,0,0.193,0.4406179189682007,0.25946306486576626,0.3653856136483959,0.27958834913446584,0.3438733323930209,0.27958834913446584
105_2.tif,105_3.tif,1,0.2243,0.425324410200119,0.311655827913957,0.3461937910892708,0.31821804091726663,0.39699432432203174,0.31821804091726663
104_5.tif,101_1.tif,0,0.1481,0.38587355613708496,0.18459229614807404,0.2966869184372692,0.2058902743830211,0.2268090502973295,0.2058902743830211
105_2.tif,105_6.tif,1,0.3738,0.9023934602737427,0.5609471402367852,0.9448676923049305,0.6338920451297327,0.8869503944455048,0.6338920451297327
105_3.tif,105_5.tif,1,0.0945,0.20779649913311005,0.09521427380356845,0.07321803816276704,0.09103498903181617,0.10374759400563195,0.09103498903181617
109_6.tif,110_8.tif,0,0.2151,0.6205766201019287,0.2963148240787061,0.591215768945214,0.35234600360334256,0.4991157317319149,0.35234600360334256
109_3.tif,109_5.tif,1,0.2653,0.4455605149269104,0.38002334500583623,0.37158807680184686,0.37842064404707826,0.483519958049718,0.37842064404707826
110_3.tif,106_2.tif,0,0.0838,0.4088798761367798,0.07737201934300483,0.32555754700709066,0.12452726959918113,0.16022036323747293,0.12452726959918113
104_3.tif,104_4.tif,1,0.3938,0.6866006255149841,0.5942971485742872,0.6740692864568147,0.6094538547719673,0.8498832504390955,0.6094538547719673
101_5.tif,101_6.tif,1,0.6303,0.9436463713645935,0.9886609971652492,0.996635966133323,0.9901762412691832,0.9885868337553395,0.9901762412691832
108_5.tif,107_4.tif,0,0.248,0.47766584157943726,0.35117558779389696,0.4118770478719784,0.3627088652087324,0.46818271163531533,0.3627088652087324
103_2.tif,103_8.tif,1,0.1869,0.5189741849899292,0.2492913123228281,0.46371488371251113,0.29003179088686787,0.3760571138319006,0.29003179088686787
102_5.tif,102_7.tif,1,0.6017,0.8568321466445923,0.9409704852426213,0.8876928045802621,0.9308477259167731,0.9815251129437831,0.9308477259167731
106_5.tif,106_6.tif,1,0.4612,0.6569291353225708,0.7066866766716692,0.6368345365068172,0.6934147700403472,0.9028772968657843,0.6934147700403472
103_3.tif,108_1.tif,0,0.2757,0.6228762865066528,0.3973653493413373,0.5941016200768234,0.4347452407810797,0.6362154516852024,0.4347452407810797
105_2.tif,107_3.tif,0,0.1589,0.363958477973938,0.20260130065032517,0.2691856891343987,0.21525233446229913,0.22664508436568584,0.21525233446229913
110_3.tif,110_4.tif,1,0.2931,0.8655189871788025,0.4263798565949642,0.8985939198612709,0.5161005286155624,0.7795020013103248,0.5161005286155624
107_3.tif,107_7.tif,1,0.2969,0.7301129102706909,0.43271635817908954,0.7286728480617555,0.48894809125679606,0.7250991403714505,0.48894809125679606
105_5.tif,108_4.tif,0,0.177,0.5836790800094604,0.23278305819576456,0.5449130497287605,0.2920877565870338,0.40655050518064784,0.2920877565870338
109_2.tif,109_6.tif,1,0.259,0.6048775911331177,0.3695180923795231,0.5715150591284583,0.4078975160618208,0.581970703599888,0.4078975160618208
110_1.tif,110_3.tif,1,0.1818,0.915814995765686,0.240787060196765,0.961710375794933,0.37776249016041685,0.6646493067323191,0.37776249016041685
103_3.tif,103_6.tif,1,0.3271,0.6585919857025146,0.4830748707687177,0.6389212472753009,0.5126856823049685,0.7452198390518108,0.5126856823049685
110_7.tif,104_8.tif,0,0.1938,0.5075507164001465,0.26079706519926626,0.44937957416978486,0.2966277419036648,0.38454200236245395,0.2966277419036648
107_2.tif,107_5.tif,1,0.3224,0.3942759931087494,0.47523761880940474,0.30723113571728083,0.44331638702190124,0.5738986198756703,0.44331638702190124
110_2.tif,110_7.tif,1,0.1879,0.7326035499572754,0.2509588127397032,0.7317983515448676,0.34231832511268445,0.5422066818130529,0.34231832511268445
107_6.tif,109_5.tif,0,0.2612,0.6329144239425659,0.37318659329664833,0.6066984776989425,0.4175538513330842,0.5936914553564855,0.4175538513330842
101_2.tif,101_3.tif,1,0.3314,0.641802191734314,0.4902451225612806,0.6178517365744942,0.5144903792237911,0.7489292640731279,0.5144903792237911
101_7.tif,101_8.tif,1,0.2386,0.6366977691650391,0.33550108387527094,0.6114461972243111,0.38793065541158855,0.5465808917679538,0.38793065541158855
106_1.tif,106_6.tif,1,0.3348,0.6468525528907776,0.495914623978656,0.6241894342633749,0.5202868379327525,0.7452239134047359,0.5202868379327525
103_7.tif,104_6.tif,0,0.0482,0.20477594435214996,0.01800900450225112,0.06942754428295253,0.027778527060584386,0.07762220792830704,0.027778527060584386
110_4.tif,110_5.tif,1,0.4397,0.9097726941108704,0.6708354177088544,0.9541278920780537,0.7246609878390022,0.9362926197294664,0.7246609878390022
104_1.tif,107_6.tif,0,0.2857,0.6363587379455566,0.4140403535100884,0.6110207469823177,0.451466628269812,0.6473038729486903,0.451466628269812
104_4.tif,106_4.tif,0,0.3295,0.5192327499389648,0.487076871769218,0.46403935684010744,0.482699743932687,0.6715829207572269,0.482699743932687
108_7.tif,105_5.tif,0,0.1755,0.3268626928329468,0.23028180757045189,0.22263419222721556,0.228828760655237,0.2382810296755653,0.228828760655237
108_1.tif,108_7.tif,1,0.3388,0.7037954330444336,0.5025846256461564,0.6956470486334206,0.5392664860137366,0.7889869719721124,0.5392664860137366
101_1.tif,101_3.tif,1,0.4713,0.8452073335647583,0.7235284308821077,0.8731048278579553,0.7519479463075187,0.9437982995962949,0.7519479463075187
101_1.tif,101_7.tif,1,0.2284,0.5489891767501831,0.3184925796231449,0.501380693744191,0.35324132130614366,0.4844304186299136,0.35324132130614366
101_1.tif,101_2.tif,1,0.408,0.837708592414856,0.6179756544939136,0.8636946583704866,0.6646622652304625,0.9019243961622218,0.6646622652304625
110_1.tif,105_2.tif,0,0.0374,0.5310410261154175,0.0,0.47885756138323987,0.09098293666281555,0.15238776051323266,0.09098293666281555
105_4.tif,105_7.tif,1,0.2981,0.3962523937225342,0.43471735867933964,0.3097113206415323,0.4109662114521563,0.5251214479074516,0.4109662114521563
103_4.tif,103_7.tif,1,0.3019,0.48405736684799194,0.4410538602634651,0.41989777226534153,0.43703420354382166,0.5940950170913561,0.43703420354382166
108_6.tif,107_1.tif,0,0.0741,0.25971555709838867,0.061197265299316315,0.13837125859221747,0.07586032402496753,0.09857038071678552,0.07586032402496753
102_7.tif,104_8.tif,0,0.2287,0.364502489566803,0.31899282974820736,0.2698683692255863,0.30965918224890937,0.3539475567360035,0.30965918224890937
101_2.tif,101_4.tif,1,0.2485,0.6681939363479614,0.3520093380023345,0.6509707341395247,0.4088120032684006,0.5989830359395412,0.4088120032684006
103_6.tif,103_7.tif,1,0.6085,0.9257097244262695,0.952309488077372,0.9741272697598375,0.9564548665970405,0.9866142971680896,0.9564548665970405
103_7.tif,103_8.tif,1,0.2453,0.5192068815231323,0.3466733366683341,0.46400689456777533,0.3689667126692279,0.49914025101766935,0.3689667126692279
101_8.tif,107_8.tif,0,0.1638,0.41910701990127563,0.2107720526930132,0.3383915886512494,0.23501976452507806,0.2750578751478806,0.23501976452507806
104_2.tif,104_6.tif,1,0.3855,0.6873586773872375,0.5804568951142238,0.6750205656722988,0.5984239925202581,0.8442773318914101,0.5984239925202581
106_5.tif,106_7.tif,1,0.2795,0.589918851852417,0.4037018509254628,0.5527433387641568,0.43201973361481466,0.614856347170643,0.43201973361481466
102_2.tif,104_5.tif,0,0.1397,0.18522407114505768,0.17058529264632313,0.04489190063313399,0.1467035481638172,0.13484914359784417,0.1467035481638172
109_8.tif,105_8.tif,0,0.3053,0.7297322154045105,0.4467233616808405,0.728195114113863,0.5002029946431148,0.7521750120881827,0.5002029946431148
110_1.tif,105_2.tif,0,0.0374,0.5310410261154175,0.0,0.47885756138323987,0.09098293666281555,0.13190643353121292,0.09098293666281555
101_2.tif,101_8.tif,1,0.2781,0.6922839879989624,0.4013673503418376,0.6812013374456201,0.45453580789155623,0.6843919086457944,0.45453580789155623
101_5.tif,105_8.tif,0,0.2421,0.5806767344474792,0.3413373353343338,0.5411454065959448,0.3793008688740399,0.5368118999074839,0.3793008688740399
104_5.tif,104_7.tif,1,0.4217,0.7061319351196289,0.6408204102051026,0.6985791248440651,0.6517945659865054,0.8811020576412698,0.6517945659865054
109_6.tif,109_8.tif,1,0.3187,0.6849872469902039,0.4690678672669668,0.6720446579142197,0.5076334574899448,0.7476816180116221,0.5076334574899448
105_3.tif,105_4.tif,1,0.1095,0.24659252166748047,0.120226780056695,0.12190316279769736,0.12054529277748544,0.12284672148510897,0.12054529277748544
105_5.tif,105_7.tif,1,0.2885,0.4661700427532196,0.41870935467733866,0.3974509711230884,0.41467026180203115,0.5577630648357923,0.41467026180203115
104_1.tif,108_6.tif,0,0.2346,0.40207791328430176,0.3288310822077705,0.3170217645324393,0.3265873118494576,0.40397589111027005,0.3265873118494576
109_8.tif,101_2.tif,0,0.227,0.40418171882629395,0.31615807903951976,0.31966182988781966,0.31682379170069674,0.3787701953900891,0.31682379170069674
102_4.tif,101_5.tif,0,0.0773,0.18800155818462372,0.06653326663331664,0.04837736882960643,0.0630836460506117,0.0824319016581811,0.0630836460506117
101_7.tif,103_3.tif,0,0.2103,0.4188668131828308,0.28831082207770553,0.33809015326530817,0.29776889500335,0.35948643260677676,0.29776889500335
102_5.tif,102_6.tif,1,0.3543,0.5258352160453796,0.5284308821077205,0.4723247908689163,0.5177707247723476,0.719510050548353,0.5177707247723476
104_4.tif,104_6.tif,1,0.3475,0.6602838635444641,0.5170918792729697,0.6410443846028301,0.5406428552856432,0.7763286425383749,0.5406428552856432
109_1.tif,106_7.tif,0,0.2179,0.46195390820503235,0.3009838252459563,0.39216014431798785,0.3183073258696423,0.4000420389725719,0.3183073258696423
104_3.tif,103_7.tif,0,0.163,0.31985360383987427,0.20943805235951307,0.21383848718031956,0.2102741349754663,0.21585802213867805,0.2102741349754663
110_5.tif,110_7.tif,1,0.1576,0.6755045652389526,0.2004335501083875,0.6601448415728913,0.2877786954866432,0.42796116633147196,0.2877786954866432
110_1.tif,107_1.tif,0,0.1131,0.6448380947113037,0.12622978155744538,0.6216614909039068,0.220361806333273,0.32970993125580583,0.220361806333273
103_5.tif,101_6.tif,0,0.0826,0.26430386304855347,0.07537101884275471,0.14412912325087068,0.08843505868029675,0.10502084287051956,0.08843505868029675
105_6.tif,105_7.tif,1,0.4471,0.8530424237251282,0.6831749207937302,0.8829370816836042,0.7211297313628062,0.9370957393452493,0.7211297313628062
106_8.tif,102_2.tif,0,0.261,0.5569953918457031,0.3728530932132733,0.5114276922331246,0.39918226702704507,0.5454247639600139,0.39918226702704507
101_4.tif,101_5.tif,1,0.1939,0.5450651049613953,0.26096381524095374,0.496456376465421,0.3057074018736025,0.4110156558749629,0.3057074018736025
104_3.tif,106_1.tif,0,0.2996,0.5062638521194458,0.4372186093046523,0.4477646883180549,0.4392223643171988,0.5979485120549245,0.4392223643171988
102_4.tif,103_3.tif,0,0.206,0.43325257301330566,0.2811405702851425,0.3561428417772391,0.29539100186864087,0.34798251611327125,0.29539100186864087
110_5.tif,110_6.tif,1,0.3562,0.9136842489242554,0.5315991328997832,0.9590365018056952,0.6128122329919065,0.8755498570875676,0.6128122329919065
101_5.tif,102_3.tif,0,0.1909,0.3049768805503845,0.25596131399032845,0.19516968867484066,0.24441090518038577,0.256159026853949,0.24441090518038577
109_1.tif,109_2.tif,1,0.2009,0.5617147088050842,0.2726363181590795,0.517349962593589,0.3191319106016363,0.4150480325652445,0.3191319106016363
105_3.tif,103_5.tif,0,0.1927,0.4275061786174774,0.25896281474070365,0.3489316920488227,0.27605690142924627,0.33150165896387335,0.27605690142924627
110_1.tif,110_5.tif,1,0.1826,0.8053569197654724,0.2421210605302651,0.8230965477345747,0.35250640309908393,0.5299225108918704,0.35250640309908393
103_8.tif,108_5.tif,0,0.2236,0.5198094844818115,0.3104885776221444,0.46476310095781653,0.33980073705592206,0.45114693595916533,0.33980073705592206
104_2.tif,104_3.tif,1,0.4355,0.7258159518241882,0.663831915957979,0.7232805953550827,0.6751271650434287,0.9030891395653456,0.6751271650434287
108_2.tif,108_6.tif,1,0.2346,0.45458999276161194,0.3288310822077705,0.38291916759553146,0.3391078184314451,0.4213408973387292,0.3391078184314451
102_6.tif,104_5.tif,0,0.1299,0.17639034986495972,0.15424378856094711,0.033806464719419005,0.1313606970310568,0.1224847104322143,0.1313606970310568
105_2.tif,105_7.tif,1,0.3972,0.8650879859924316,0.5999666499916625,0.8980530565174145,0.6566030672315554,0.8970776005945416,0.6566030672315554
107_4.tif,107_6.tif,1,0.4359,0.7425436973571777,0.664498916124729,0.7442722414810097,0.6796558479424224,0.9075463110619102,0.6796558479424224
109_3.tif,109_8.tif,1,0.193,0.27737900614738464,0.25946306486576626,0.16053711896285883,0.24066713514421384,0.24139055467562887,0.24066713514421384
101_1.tif,101_8.tif,1,0.2989,0.8641077280044556,0.43605135901283976,0.896822930870469,0.5235979576657893,0.7900398634982431,0.5235979576657893
102_7.tif,105_3.tif,0,0.1398,0.2653176188468933,0.17075204268801067,0.14540128529655033,0.1659353987836332,0.1665699546247334,0.1659353987836332
101_3.tif,101_8.tif,1,0.3457,0.89152991771698,0.5140903785225946,0.9312350338826837,0.5933478630410115,0.8712923837158777,0.5933478630410115
110_5.tif,110_8.tif,1,0.1965,0.6372491717338562,0.2652993163248291,0.6121381522504508,0.3311986951506972,0.4799197077174267,0.3311986951506972
104_4.tif,104_5.tif,1,0.4942,0.7659720182418823,0.7617141904285476,0.7736724389174475,0.7639862576414386,0.9394275735996256,0.7639862576414386
106_2.tif,106_6.tif,1,0.3822,0.8057044744491577,0.5749541437385359,0.8235326940709081,0.6221840683016866,0.878108078788438,0.6221840683016866
108_3.tif,108_6.tif,1,0.3374,0.7584900856018066,0.5002501250625312,0.7642833624272086,0.5504164401618199,0.8119922129297732,0.5504164401618199
110_2.tif,110_4.tif,1,0.2241,0.7840871810913086,0.3113223278305819,0.7964051548891697,0.4034880649717135,0.6411563453812962,0.4034880649717135
105_5.tif,107_1.tif,0,0.2381,0.3982142210006714,0.3346673336668334,0.3121732174883985,0.33039345159293076,0.393896122419214,0.33039345159293076
101_8.tif,105_1.tif,0,0.0821,0.23670293390750885,0.07453726863431716,0.10949272014843486,0.08117880442199953,0.10854598754105403,0.08117880442199953
101_8.tif,110_3.tif,0,0.0943,0.6139720678329468,0.09488077372019342,0.582927716991217,0.1876096929416879,0.23829343208930884,0.1876096929416879
105_6.tif,107_5.tif,0,0.1739,0.690386176109314,0.22761380690345173,0.6788197735030965,0.3133429405573842,0.48133428317668997,0.3133429405573842
110_6.tif,107_6.tif,0,0.171,0.48863157629966736,0.22277805569451392,0.4256379472295096,0.2613214350861631,0.3249436293647226,0.2613214350861631
107_6.tif,107_7.tif,1,0.3938,0.7268531322479248,0.5942971485742872,0.7245821529607313,0.6190512994077115,0.8672025228908978,0.6190512994077115
108_7.tif,105_8.tif,0,0.1633,0.29173773527145386,0.20993830248457565,0.17855588664413855,0.2039756434748926,0.2080736044531301,0.2039756434748926
101_4.tif,106_4.tif,0,0.0881,0.23574677109718323,0.08454227113556777,0.10829283153741172,0.08905487761191812,0.11334971448541188,0.08905487761191812
102_1.tif,104_1.tif,0,0.1,0.24779853224754333,0.10438552609638152,0.1234165853489238,0.10800142735436455,0.12728697665779357,0.10800142735436455
105_6.tif,107_4.tif,0,0.2,0.693950355052948,0.271135567783892,0.6832924612879923,0.349445377549671,0.5285587701598131,0.349445377549671
109_3.tif,109_6.tif,1,0.2669,0.4116361439228058,0.38269134567283647,0.32901638716450726,0.37249310355625387,0.4675423654126458,0.37249310355625387
102_3.tif,108_8.tif,0,0.3077,0.50843745470047,0.4507253626813406,0.45049234197044197,0.4506810887462699,0.6223113553616395,0.4506810887462699
104_8.tif,102_2.tif,0,0.1801,0.28657007217407227,0.23795230948807736,0.1720709867618255,0.2254348581700895,0.22499399418821195,0.2254348581700895
108_1.tif,108_5.tif,1,0.3252,0.8361101150512695,0.479906619976655,0.8616887292935207,0.5524452207468594,0.8143570231685704,0.5524452207468594
104_5.tif,104_6.tif,1,0.4257,0.8226152658462524,0.647490411872603,0.844754044432623,0.6849705020590068,0.918997461491353,0.6849705020590068
108_3.tif,109_5.tif,0,0.1551,0.2801467478275299,0.19626479906619973,0.16401035770880984,0.19013645520829564,0.18645837439707963,0.19013645520829564
102_4.tif,107_3.tif,0,0.0858,0.2297966629266739,0.08070702017675505,0.10082604141437972,0.08452963421190374,0.09883499648854056,0.08452963421190374
108_2.tif,108_4.tif,1,0.134,0.3297666907310486,0.16108054027013508,0.22627841888687916,0.17346813720731644,0.18085443974144236,0.17346813720731644
107_5.tif,103_8.tif,0,0.1967,0.562347412109375,0.2656328164082041,0.518143941904201,0.31360993025244344,0.40635149970458195,0.31360993025244344
103_1.tif,103_5.tif,1,0.3478,0.6610509157180786,0.5175921293980323,0.6420069582955542,0.5412309468885615,0.7812277125173162,0.5412309468885615
108_8.tif,110_6.tif,0,0.1462,0.44625377655029297,0.18142404535601134,0.3724580507407756,0.21772050637911655,0.2558886104682361,0.21772050637911655
107_7.tif,107_8.tif,1,0.4633,0.9342520236968994,0.7101884275471069,0.984847000224244,0.762373556355763,0.9539219337798021,0.762373556355763
103_5.tif,104_7.tif,0,0.1044,0.26142388582229614,0.11172252793063199,0.1405150401298012,0.11719310524847415,0.12148350062545012,0.11719310524847415
103_1.tif,103_6.tif,1,0.3174,0.5743378400802612,0.46690011672502924,0.5331907287151837,0.4794953330031586,0.6750663786099357,0.4794953330031586
108_4.tif,108_6.tif,1,0.3086,0.41257143020629883,0.45222611305652827,0.330190077824184,0.4290392663623829,0.5411192528367241,0.4290392663623829
104_4.tif,104_8.tif,1,0.39,0.6992754936218262,0.5879606469901618,0.6899749771230738,0.6073433697154151,0.8436025517360474,0.6073433697154151
101_2.tif,101_7.tif,1,0.2335,0.5525193214416504,0.3269968317492079,0.5058106719495898,0.3609714613872805,0.49536108615681584,0.3609714613872805
102_6.tif,105_2.tif,0,0.126,0.3275129497051239,0.14774053693513423,0.2234501995083387,0.16212537282404307,0.17047792855852179,0.16212537282404307
102_3.tif,102_5.tif,1,0.2634,0.2731224596500397,0.3768550942137736,0.1551955792069721,0.3347397863624813,0.34697045768501755,0.3347397863624813
107_6.tif,105_4.tif,0,0.1503,0.6434400677680969,0.18826079706519924,0.6199071070385835,0.2702735959601422,0.3909807065131471,0.2702735959601422
110_7.tif,105_1.tif,0,0.0918,0.41469666361808777,0.09071202267800567,0.33285703301113906,0.13671957464130102,0.16913428636769062,0.13671957464130102
107_4.tif,103_7.tif,0,0.0991,0.29499927163124084,0.10288477572119391,0.182648788282107,0.11803993810776739,0.1401930708580832,0.11803993810776739
108_1.tif,108_3.tif,1,0.2706,0.40004926919937134,0.38886109721527434,0.31447601928169217,0.37472793240789376,0.4693725080190386,0.37472793240789376
108_6.tif,108_8.tif,1,0.4846,0.8707223534584045,0.7457061864265466,0.9051236236632313,0.7759954995015167,0.9536747826951922,0.7759954995015167
108_3.tif,108_4.tif,1,0.2982,0.37811288237571716,0.43488410872102723,0.2869480497429721,0.40677625751519675,0.5104523534058654,0.40677625751519675
110_8.tif,101_5.tif,0,0.185,0.46730566024780273,0.24612306153076538,0.3988760573986829,0.27514613074566974,0.32560285302791736,0.27514613074566974
103_2.tif,109_3.tif,0,0.2061,0.6190221905708313,0.2813073203268301,0.5892651154886477,0.33981930140757544,0.4894545189602348,0.33981930140757544
105_6.tif,105_8.tif,1,0.3316,0.4750399887561798,0.4905786226446557,0.40858186543774777,0.4749992387753432,0.6506038762158931,0.4749992387753432
109_1.tif,109_5.tif,1,0.298,0.5767542123794556,0.43455060863765216,0.5362230340616002,0.4538683694682023,0.6484861026361555,0.4538683694682023
110_8.tif,106_8.tif,0,0.2237,0.45082181692123413,0.31065532766383197,0.37819048412617323,0.3234870073916768,0.39944670851063013,0.3234870073916768
109_6.tif,105_4.tif,0,0.2151,0.43459731340408325,0.2963148240787061,0.35783035635347255,0.3080027752109117,0.3793645698712293,0.3080027752109117
105_7.tif,106_6.tif,0,0.1779,0.3707173764705658,0.23428380857095216,0.27766743015338197,0.24252669667161383,0.2661663688517676,0.24252669667161383
110_1.tif,110_8.tif,1,0.0809,0.7328961491584778,0.07253626813406702,0.7321655342519607,0.1978658286964668,0.2736796576063634,0.1978658286964668
109_3.tif,104_5.tif,0,0.2798,0.3568696975708008,0.4042021010505253,0.2602899793453182,0.3768587979265359,0.47055143944717653,0.3768587979265359
103_1.tif,103_3.tif,1,0.4,0.7728374004364014,0.6046356511589128,0.7822878063178165,0.6383895606391046,0.8841080470936192,0.6383895606391046
110_3.tif,104_5.tif,0,0.1276,0.5596513748168945,0.15040853760213438,0.5147606849868572,0.21963544560523168,0.29450295930386206,0.21963544560523168
109_8.tif,104_8.tif,0,0.2287,0.6625950932502747,0.31899282974820736,0.6439447465197676,0.3807336939348038,0.5671235019238152,0.3807336939348038
103_5.tif,101_8.tif,0,0.0826,0.25008028745651245,0.07537101884275471,0.126279959722847,0.08504371760997224,0.10564292913853003,0.08504371760997224
103_3.tif,106_1.tif,0,0.304,0.6218078136444092,0.4445556111389028,0.5927607935933537,0.47271459580524844,0.6839712796831792,0.47271459580524844
110_1.tif,110_7.tif,1,0.0848,0.7379701137542725,0.07903951975987994,0.738532851894398,0.20434325286543834,0.2833092507971967,0.20434325286543834
107_2.tif,107_3.tif,1,0.349,0.6151929497718811,0.5195931298982824,0.5844598016091413,0.5319177975233457,0.7599075291354718,0.5319177975233457
107_1.tif,107_6.tif,1,0.3057,0.4577672779560089,0.4473903618475905,0.38690634245483296,0.4358983981629666,0.5836023767429391,0.4358983981629666
101_1.tif,101_6.tif,1,0.2989,0.8035413026809692,0.43605135901283976,0.8208181300444614,0.5091570455088479,0.7604658246658309,0.5091570455088479
108_6.tif,106_7.tif,0,0.3416,0.3754405379295349,0.5072536268134067,0.28359452497597865,0.46475839746429537,0.5790393158770506,0.46475839746429537
103_8.tif,108_6.tif,0,0.251,0.7022921442985535,0.35617808904452225,0.6937605717428934,0.42031876075721275,0.62447822208807,0.42031876075721275
103_5.tif,108_1.tif,0,0.2294,0.4331307113170624,0.32016008004002,0.35598991754732423,0.3269677491664078,0.41220740797444483,0.3269677491664078
109_2.tif,101_4.tif,0,0.1925,0.35144948959350586,0.2586293146573287,0.25348816091952303,0.2576524954471456,0.29412815936704095,0.2576524954471456
109_2.tif,101_2.tif,0,0.1658,0.29244187474250793,0.2141070535267634,0.17943951119297655,0.2075202204833439,0.21190471173532396,0.2075202204833439
104_7.tif,108_4.tif,0,0.2691,0.6346160173416138,0.38635984658996164,0.6088338070780619,0.42862989908270066,0.6116546955066977,0.42862989908270066
102_1.tif,102_6.tif,1,0.2047,0.5737833380699158,0.2789728197432049,0.5324948842001932,0.3271420119900327,0.4543736034757855,0.3271420119900327
108_1.tif,108_6.tif,1,0.2551,0.49686893820762634,0.3630148407537102,0.43597501182928194,0.37687727325806886,0.5039946313398453,0.37687727325806886
106_5.tif,106_8.tif,1,0.3242,0.378470778465271,0.4782391195597799,0.28739717350845206,0.4419791498100276,0.5780777569567331,0.4419791498100276
104_2.tif,104_8.tif,1,0.3837,0.6119436621665955,0.5774553943638486,0.5803822709319201,0.5780115009117822,0.8054685137561179,0.5780115009117822
106_1.tif,106_5.tif,1,0.3392,0.6968288421630859,0.5032516258129065,0.6869046744624988,0.538145705056329,0.7757699300301957,0.538145705056329
107_3.tif,107_6.tif,1,0.3679,0.5178195834159851,0.551108887777222,0.4622659743177051,0.5342287342199138,0.7253948897323007,0.5342287342199138
109_1.tif,109_6.tif,1,0.3586,0.6246984004974365,0.5356011339002834,0.596388190733951,0.5471506746986803,0.7737315957776806,0.5471506746986803
106_2.tif,106_8.tif,1,0.2648,0.46231746673583984,0.37918959479739867,0.3926163738804069,0.38174068282317025,0.5015004011697576,0.38174068282317025
102_1.tif,102_7.tif,1,0.2881,0.593009889125824,0.4180423545105887,0.556622281116397,0.4443725405656923,0.6408127829456024,0.4443725405656923
104_3.tif,104_7.tif,1,0.2972,0.45848143100738525,0.4332166083041521,0.3878025330445737,0.4245879340048322,0.5531934868436905,0.4245879340048322
107_4.tif,107_5.tif,1,0.3949,0.5355031490325928,0.5961313990328497,0.4844570789669458,0.574913278220328,0.7899117671668217,0.574913278220328
104_3.tif,109_8.tif,0,0.2159,0.5067094564437866,0.2976488244122061,0.4483238771382278,0.3262770844301502,0.4257970891079681,0.3262770844301502
106_1.tif,102_8.tif,0,0.2625,0.39351925253868103,0.375354343838586,0.30628150205477206,0.3622305038996614,0.4332097442555065,0.3622305038996614
103_1.tif,101_4.tif,0,0.0652,0.28359299898147583,0.04635651158912788,0.16833505792271675,0.06953243539250976,0.09867561041247412,0.06953243539250976
102_4.tif,110_7.tif,0,0.1631,0.508436918258667,0.20960480240120055,0.45049166878967933,0.2553733070150115,0.32265946040708116,0.2553733070150115
102_4.tif,109_4.tif,0,0.176,0.19633997976779938,0.23111555777888945,0.058841253205275404,0.19838343990990281,0.19662473006539746,0.19838343990990281
107_1.tif,107_3.tif,1,0.4375,0.7629966735839844,0.6671669167917292,0.7699386792163517,0.6866935516524075,0.9105319455983408,0.6866935516524075
106_2.tif,106_5.tif,1,0.3592,0.8293842077255249,0.5366016341504086,0.8532483888914403,0.5967645175512046,0.8521141617762155,0.5967645175512046
101_4.tif,101_7.tif,1,0.1827,0.38630780577659607,0.24228781057195262,0.2972318582646327,0.25272717963356184,0.28090522501062265,0.25272717963356184
102_4.tif,110_3.tif,0,0.0429,0.4406774640083313,0.00917125229281307,0.36546033671304984,0.07686617833265803,0.129046062849663,0.07686617833265803
102_5.tif,101_4.tif,0,0.058,0.2071904093027115,0.03435050858762715,0.07245745609776859,0.04159082861455402,0.07828740557277246,0.04159082861455402
110_4.tif,110_8.tif,1,0.2197,0.6518800258636475,0.30398532599633155,0.6304984095730494,0.3660228118759079,0.5286363789392206,0.3660228118759079
103_8.tif,107_2.tif,0,0.2386,0.36530065536499023,0.33550108387527094,0.270869987402544,0.3232211755454528,0.3749255314443536,0.3232211755454528
101_2.tif,104_2.tif,0,0.1895,0.39916592836380005,0.25362681340670334,0.3133675149591985,0.2649775467016774,0.30047051375763795,0.2649775467016774
103_2.tif,103_4.tif,1,0.3134,0.7525064945220947,0.4602301150575288,0.756774554604908,0.5165735585715308,0.7626032741432119,0.5165735585715308
106_7.tif,105_7.tif,0,0.2533,0.6261547803878784,0.36001334000333507,0.5982158017066778,0.40527180772697013,0.5922191853232871,0.40527180772697013
104_3.tif,104_5.tif,1,0.4156,0.6472611427307129,0.6306486576621645,0.6247021736109252,0.629518825692429,0.8547188822497725,0.629518825692429
108_2.tif,108_8.tif,1,0.2115,0.45014649629592896,0.2903118225779556,0.3773430243438619,0.3068477509134778,0.3826619316157446,0.3068477509134778
109_8.tif,110_8.tif,0,0.2432,0.6266956925392151,0.3431715857928964,0.5988945923090145,0.39175895703095887,0.5625022902192367,0.39175895703095887
101_5.tif,101_8.tif,1,0.4364,0.9009977579116821,0.6653326663331666,0.9431162255562455,0.7181115425855515,0.9302021253003434,0.7181115425855515
104_1.tif,104_2.tif,1,0.5363,0.9463270902633667,0.8319159579789895,1.0,0.8638519259629815,0.9722230067450478,0.8638519259629815
101_3.tif,101_7.tif,1,0.198,0.552700400352478,0.26780056695014176,0.5060379078559147,0.3130656617222386,0.403174770565274,0.3130656617222386
104_1.tif,104_3.tif,1,0.5066,0.7730664014816284,0.782391195597799,0.7825751797056046,0.7824261525782821,0.9460882736128543,0.7824261525782821
110_3.tif,109_7.tif,0,0.0952,0.49877384305000305,0.09638152409538103,0.43836547671744497,0.16135847509357315,0.20873768655305838,0.16135847509357315
110_6.tif,110_7.tif,1,0.2061,0.6967061758041382,0.2813073203268301,0.68675074046144,0.358341570152406,0.543593274007757,0.358341570152406
109_7.tif,109_8.tif,1,0.3476,0.7068636417388916,0.5172586293146574,0.699497343404317,0.5518839849916927,0.7928372426077932,0.5518839849916927
108_1.tif,102_5.tif,0,0.2366,0.3891944885253906,0.33216608304152073,0.3008543561452353,0.32621685493122654,0.3851899893795363,0.32621685493122654
106_3.tif,106_4.tif,1,0.4981,0.9002349972724915,0.7682174420543605,0.9421590373096226,0.8012663451528603,0.960279959830583,0.8012663451528603
102_7.tif,106_3.tif,0,0.2839,0.5989959239959717,0.4110388527597132,0.5641341556510608,0.4401269603090693,0.6212877856652874,0.4401269603090693
107_5.tif,108_7.tif,0,0.1755,0.4992397129535675,0.23028180757045189,0.43895009681087344,0.26992878252613195,0.3448185182603955,0.26992878252613195
108_1.tif,108_4.tif,1,0.2823,0.46975409984588623,0.408370852092713,0.4019486039951333,0.40715062495417287,0.5469390220370769,0.40715062495417287
110_1.tif,102_6.tif,0,0.0512,0.4045185446739197,0.023011505752876436,0.3200845126089001,0.07945537705552091,0.1250608595560008,0.07945537705552091
102_7.tif,110_6.tif,0,0.1271,0.4020220637321472,0.1495747873936968,0.3169516789352614,0.18137639678659406,0.20959316363119615,0.18137639678659406
104_7.tif,105_8.tif,0,0.2651,0.8061565160751343,0.3796898449224613,0.8240999610602328,0.4641277669886378,0.7289178123085288,0.4641277669886378
104_2.tif,104_7.tif,1,0.4337,0.7028729319572449,0.6608304152076038,0.6944894021152537,0.6672256227200573,0.8876232628662841,0.6672256227200573
104_2.tif,104_5.tif,1,0.5202,0.7976698875427246,0.8050692012673003,0.8134500917994166,0.8066615704684024,0.9544778371949418,0.8066615704684024
101_7.tif,102_5.tif,0,0.2321,0.30559828877449036,0.32466233116558274,0.19594949379050586,0.30020689206431816,0.34214305557970437,0.30020689206431816
106_3.tif,106_7.tif,1,0.3406,0.6293594241142273,0.5055861263965317,0.6022373087848744,0.5239498510503168,0.7465277317997546,0.5239498510503168
105_4.tif,105_8.tif,1,0.3895,0.7982032299041748,0.5871268967817243,0.8141193830732137,0.6302554691771072,0.8824357576395927,0.6302554691771072
105_5.tif,105_6.tif,1,0.2609,0.3707021176815033,0.37268634317158583,0.2776482819005778,0.3546291115300943,0.412878653208041,0.3546291115300943
109_7.tif,101_2.tif,0,0.1857,0.3423756957054138,0.24729031182257794,0.24210145791505747,0.24630442958014903,0.2605350981678492,0.24630442958014903
105_8.tif,103_7.tif,0,0.0896,0.2503851056098938,0.08704352176088043,0.1266624759917561,0.0945711230647468,0.10689494261994037,0.0945711230647468
104_1.tif,107_3.tif,0,0.2905,0.3955760896205902,0.4220443555110889,0.3088626266944895,0.400539827035935,0.4913222829896346,0.400539827035935
103_2.tif,103_3.tif,1,0.2991,0.6939575672149658,0.43638485909621477,0.6833015118293567,0.48329902311551176,0.7223053178664243,0.48329902311551176
107_4.tif,101_6.tif,0,0.1231,0.33964431285858154,0.14290478572619641,0.23867384586524149,0.16110090715261496,0.1724370706156554,0.16110090715261496
110_7.tif,103_2.tif,0,0.1263,0.49146467447280884,0.14824078706019675,0.4291932018317099,0.20162174586678422,0.2523674659424629,0.20162174586678422
110_6.tif,110_8.tif,1,0.237,0.6452916860580444,0.3328330832082708,0.6222307026376569,0.3878186308998542,0.574330884860705,0.3878186308998542
110_3.tif,105_2.tif,0,0.0701,0.5103872418403625,0.0545272636318159,0.45293912964907984,0.13022551817509603,0.18256098673208498,0.13022551817509603
102_2.tif,108_1.tif,0,0.2096,0.41662728786468506,0.28714357178589295,0.3352797731769779,0.2962894500501991,0.3623443479686242,0.2962894500501991
107_3.tif,107_5.tif,1,0.1823,0.3489944636821747,0.24162081040520256,0.25040734915926455,0.24329025276847435,0.2751755593700039,0.24329025276847435
108_3.tif,106_8.tif,0,0.3425,0.7699430584907532,0.5087543771885944,0.7786556969118805,0.5600356279360188,0.8232736503869409,0.5600356279360188
104_6.tif,105_6.tif,0,0.241,0.5466753244400024,0.33950308487577124,0.4984770407213027,0.3697081364864222,0.494200027095003,0.3697081364864222
109_1.tif,109_8.tif,1,0.2436,0.4162341058254242,0.34383858595964645,0.3347863690768882,0.3421186647519224,0.4169194938913521,0.3421186647519224
109_4.tif,109_8.tif,1,0.2613,0.34199258685112,0.3733533433383358,0.241620694653733,0.3483241400882613,0.3923900099223845,0.3483241400882613
102_4.tif,107_8.tif,0,0.0858,0.22366580367088318,0.08070702017675505,0.09313242677326658,0.08306784743009224,0.09716533716907934,0.08306784743009224
109_5.tif,109_7.tif,1,0.4327,0.9230018854141235,0.6591629147907286,0.9707292028657155,0.7183605095249762,0.9416107872001963,0.7183605095249762
110_8.tif,107_1.tif,0,0.2023,0.4502180814743042,0.2749708187427047,0.3774328565767442,0.2944386059311722,0.3580882991899575,0.2944386059311722
102_4.tif,104_1.tif,0,0.1073,0.22577811777591705,0.11655827913956979,0.09578316952352116,0.11261100831252055,0.1142784949329905,0.11261100831252055
105_3.tif,105_7.tif,1,0.1971,0.3496755063533783,0.26629981657495416,0.2512619895363774,0.2634426294376246,0.2817643683682272,0.2634426294376246
105_2.tif,105_5.tif,1,0.2336,0.37495309114456177,0.32716358179089544,0.2829828280563192,0.31876923858132594,0.3760588205668506,0.31876923858132594
109_2.tif,105_3.tif,0,0.1294,0.32049280405044556,0.15341003835250955,0.21464061945794588,0.16504384876254247,0.16756815197602834,0.16504384876254247
107_6.tif,108_7.tif,0,0.151,0.3174062967300415,0.18942804735701183,0.21076736174325694,0.19348251709039838,0.20308634699803982,0.19348251709039838
110_2.tif,107_6.tif,0,0.114,0.6297565698623657,0.12773053193263298,0.6027356869428214,0.21798151138456875,0.2798340188726024,0.21798151138456875
105_6.tif,107_8.tif,0,0.2337,0.5122385025024414,0.3273303318325829,0.45526227646097805,0.351637401311978,0.4657479839782471,0.351637401311978
110_3.tif,110_6.tif,1,0.2055,0.8067896962165833,0.280306820076705,0.824894538753745,0.38377848662534253,0.6320282678574204,0.38377848662534253
104_6.tif,102_1.tif,0,0.0643,0.15865738689899445,0.04485576121394029,0.011553371341617845,0.038528307138199026,0.069049861356448,0.038528307138199026
105_2.tif,108_5.tif,0,0.2154,0.5837472677230835,0.2968150742037685,0.5449986184834793,0.3439699476169136,0.48171474015386967,0.3439699476169136
110_8.tif,106_6.tif,0,0.2366,0.48169004917144775,0.33216608304152073,0.416927025559776,0.34827066211998925,0.4573712442282564,0.34827066211998925
109_2.tif,108_4.tif,0,0.2105,0.45238322019577026,0.2886443221610805,0.38014988893265395,0.30603037984767945,0.38526005671921215,0.30603037984767945
110_7.tif,110_8.tif,1,0.3006,0.6842942237854004,0.4388861097215274,0.6711749831667411,0.483020995676118,0.7193052642368979,0.483020995676118
110_7.tif,109_8.tif,0,0.1189,0.41350942850112915,0.135901283975321,0.3313671717866053,0.173039802659465,0.2065500657429674,0.173039802659465
107_3.tif,104_1.tif,0,0.3,0.3955760896205902,0.43788560947140237,0.3088626266944895,0.41337124274378895,0.5281082802544559,0.41337124274378895
109_4.tif,109_7.tif,1,0.3238,0.5319955348968506,0.4775721193930298,0.48005537435357815,0.47804393783553395,0.6679669302615281,0.47804393783553395
106_1.tif,106_3.tif,1,0.489,0.8597041964530945,0.7530431882607971,0.8912969395856168,0.7793114010125128,0.9494885613108416,0.7793114010125128
101_1.tif,102_4.tif,0,0.0558,0.19067570567131042,0.030682007670501915,0.05173315623194099,0.03468172589717534,0.0694580510048358,0.03468172589717534
110_2.tif,110_8.tif,1,0.1676,0.7777403593063354,0.21710855427713854,0.7884405288926939,0.32566162945409405,0.5214218607278313,0.32566162945409405
108_1.tif,108_2.tif,1,0.1856,0.3365691304206848,0.24712356178089043,0.23481479974443067,0.24478489699396308,0.257497257707562,0.24478489699396308
105_2.tif,104_7.tif,0,0.2209,0.4718867838382721,0.30598632649658164,0.40462490891490294,0.32472765715606267,0.4132241423719295,0.32472765715606267
106_5.tif,107_2.tif,0,0.2039,0.2905099093914032,0.2776388194097048,0.1770150880752311,0.2585203104561548,0.2824965203383778,0.2585203104561548
106_1.tif,106_8.tif,1,0.3656,0.4755488634109497,0.5472736368184091,0.4092204521889819,0.521043531738818,0.7135447787588127,0.521043531738818
104_5.tif,108_5.tif,0,0.248,0.35838186740875244,0.35117558779389696,0.2621876011173604,0.334267870325355,0.4049086845757715,0.334267870325355
102_1.tif,102_3.tif,1,0.1727,0.2830721139907837,0.22561280640320155,0.16768139940218557,0.2146058390730085,0.2121570885192594,0.2146058390730085
101_4.tif,101_6.tif,1,0.205,0.48595207929611206,0.2794730698682674,0.4222754467190142,0.3066055214699093,0.393893889788092,0.3066055214699093
109_2.tif,109_3.tif,1,0.1404,0.45392972230911255,0.17175254293813572,0.38209059427350556,0.21171677269185596,0.2506706803409784,0.21171677269185596
109_2.tif,109_8.tif,1,0.3209,0.6393542885780334,0.4727363681840921,0.6147798631588065,0.49972463222928787,0.7301747182724873,0.49972463222928787
103_8.tif,109_2.tif,0,0.1711,0.2939178943634033,0.2229448057362014,0.18129176806140246,0.2150307285779896,0.21443674592073456,0.2150307285779896
102_2.tif,102_5.tif,1,0.3382,0.5881798267364502,0.5015841253960314,0.5505610363273771,0.510889738472987,0.7302119972778248,0.510889738472987
102_7.tif,109_4.tif,0,0.1822,0.2822515666484833,0.24145406036351505,0.16665169462785295,0.22724161087373926,0.22547598258378046,0.22724161087373926
102_8.tif,110_3.tif,0,0.0708,0.40857189893722534,0.05569451392362848,0.3251710664514682,0.10689505890391801,0.13880552369193935,0.10689505890391801
104_8.tif,105_5.tif,0,0.1667,0.7305599451065063,0.21560780390195092,0.7292338320306289,0.31319674924639973,0.46548191948576256,0.31319674924639973
106_1.tif,106_2.tif,1,0.2335,0.6277361512184143,0.3269968317492079,0.6002002637971016,0.3789054838383077,0.5540359869475783,0.3789054838383077
106_3.tif,106_6.tif,1,0.371,0.7723430395126343,0.5562781390695347,0.7816674328461051,0.599102104887083,0.8557911880126234,0.599102104887083
104_3.tif,105_5.tif,0,0.1101,0.32780155539512634,0.12122728030682008,0.2238123707586433,0.1407184474926665,0.16285090854278175,0.1407184474926665
109_3.tif,109_7.tif,1,0.2544,0.4158240258693695,0.36184759046189763,0.334271759782775,0.35660818263286437,0.44390059804015847,0.35660818263286437
104_3.tif,109_2.tif,0,0.1938,0.7167981863021851,0.26079706519926626,0.7119642023413826,0.3465188212562683,0.5144623431972207,0.3465188212562683
109_1.tif,109_3.tif,1,0.359,0.740371823310852,0.5362681340670336,0.7415467569666355,0.5752710724179579,0.8220419336120872,0.5752710724179579
103_4.tif,103_8.tif,1,0.2886,0.717689037322998,0.41887610471902625,0.7130821311945533,0.4747752497493764,0.7180976227143604,0.4747752497493764
106_4.tif,106_8.tif,1,0.3295,0.40708523988723755,0.487076871769218,0.3233054581645831,0.45596030318433733,0.5972912226310775,0.45596030318433733
106_6.tif,106_7.tif,1,0.3013,0.3798134922981262,0.44005336001334006,0.28908214495736,0.4113688291527039,0.5183445374188116,0.4113688291527039
109_1.tif,109_7.tif,1,0.312,0.5596194267272949,0.45789561447390364,0.5147205933325485,0.46869236045704615,0.656006079243515,0.46869236045704615
109_3.tif,109_4.tif,1,0.3684,0.7890797853469849,0.5519426379856596,0.8026703734492721,0.599580907723746,0.8595690063866699,0.599580907723746
110_1.tif,110_2.tif,1,0.1444,0.9096297025680542,0.17842254460563614,0.9539484520058767,0.32577246701168183,0.5308891845713801,0.32577246701168183
104_1.tif,104_8.tif,1,0.3333,0.6217418313026428,0.49341337335334334,0.592677992359548,0.5122736509645223,0.7409679163854459,0.5122736509645223
102_2.tif,102_6.tif,1,0.5294,0.9226301312446594,0.8204102051025512,0.9702626885972004,0.8488821769665347,0.9715849788640456,0.8488821769665347
106_7.tif,109_8.tif,0,0.2838,0.5690705180168152,0.4108721027180257,0.5265807668067432,0.432856748894882,0.615551521849992,0.432856748894882
104_1.tif,104_6.tif,1,0.2892,0.6194796562194824,0.4198766049691513,0.5898391890834614,0.45216949595087025,0.6513626483482245,0.45216949595087025
108_3.tif,105_2.tif,0,0.1422,0.4250316917896271,0.1747540436885109,0.3458264587864526,0.2072578025571198,0.23803876155036008,0.2072578025571198
105_4.tif,105_6.tif,1,0.288,0.3333469033241272,0.4178756044689011,0.23077122729679178,0.38232577280620034,0.43861859660077346,0.38232577280620034
103_4.tif,103_5.tif,1,0.3349,0.6392692923545837,0.49608137402034347,0.614673201406858,0.5186138212237812,0.7531816141123295,0.5186138212237812
102_5.tif,102_8.tif,1,0.4208,0.6392751336097717,0.639319659829915,0.6146805315973847,0.6346382254657342,0.8551774058001443,0.6346382254657342
105_2.tif,105_4.tif,1,0.2897,0.3346593976020813,0.4207103551775888,0.23241827622940384,0.38493486017743367,0.46680829179105443,0.38493486017743367
103_8.tif,105_5.tif,0,0.1361,0.4458919167518616,0.16458229114557277,0.37200395291743826,0.2039924068822272,0.22784356080144033,0.2039924068822272
108_1.tif,101_6.tif,0,0.1117,0.32457077503204346,0.12389528097382023,0.21975806481773333,0.1421092099041637,0.15347444330735951,0.1421092099041637
107_2.tif,107_6.tif,1,0.4145,0.8107060194015503,0.6288144072036018,0.8298091323103878,0.6670034049738911,0.9056993418544231,0.6670034049738911
104_3.tif,104_6.tif,1,0.3293,0.5124068260192871,0.4867433716858429,0.45547350562472444,0.48080209713423044,0.6666061084178896,0.48080209713423044
106_4.tif,101_1.tif,0,0.1073,0.24142953753471375,0.11655827913956979,0.11542413454759186,0.11634279166709399,0.11878932610421913,0.11634279166709399
102_7.tif,107_6.tif,0,0.1949,0.2787734270095825,0.2626313156578289,0.16228697755749974,0.24356589141876633,0.24842656604335392,0.24356589141876633
110_4.tif,109_4.tif,0,0.0955,0.3672927916049957,0.09688177422044356,0.2733699189624998,0.13041452172143425,0.15345805629017806,0.13041452172143425
110_2.tif,110_5.tif,1,0.1565,0.7661416530609131,0.1985992996498249,0.7738853136341693,0.3079036423068503,0.44659516357528545,0.3079036423068503
102_7.tif,101_6.tif,0,0.1568,0.23637761175632477,0.19909954977488742,0.10908447341482012,0.18199668526647464,0.1699968759629517,0.18199668526647464
104_1.tif,104_4.tif,1,0.5483,0.9290221929550171,0.8519259629814908,0.9782840861713263,0.8759340063875596,0.9779474426064819,0.8759340063875596
107_1.tif,107_4.tif,1,0.2615,0.4053121507167816,0.3736868434217109,0.32108040874937527,0.3636916208339671,0.44931404410185183,0.3636916208339671
105_1.tif,105_3.tif,1,0.4396,0.8302168846130371,0.6706686676671669,0.854293315030795,0.7055573506662562,0.9197089219886467,0.7055573506662562
104_1.tif,102_1.tif,0,0.0952,0.24779853224754333,0.09638152409538103,0.1234165853489238,0.10151818573355416,0.11544670622305446,0.10151818573355416
104_1.tif,110_3.tif,0,0.1286,0.5582058429718018,0.15207603801900949,0.5129466872251085,0.22064146136816826,0.2894694670442805,0.22064146136816826
109_6.tif,107_2.tif,0,0.243,0.5248357057571411,0.34283808570952146,0.47107050551237806,0.3672022454720642,0.4846337293101236,0.3672022454720642
102_2.tif,102_8.tif,1,0.3934,0.8302679061889648,0.5936301484075371,0.8543573420011091,0.6431683151903158,0.894734546194204,0.6431683151903158
110_3.tif,110_7.tif,1,0.1333,0.7268857955932617,0.1599132899783225,0.7246231421893903,0.26720816189842533,0.41372308857253365,0.26720816189842533
103_3.tif,108_1.tif,0,0.2757,0.6228762865066528,0.3973653493413373,0.5941016200768234,0.4347452407810797,0.6330256400096298,0.4347452407810797
105_2.tif,104_8.tif,0,0.1977,0.6057001352310181,0.2673003168250792,0.5725472696311852,0.32529723785823933,0.46231382667387017,0.32529723785823933
110_8.tif,106_1.tif,0,0.2379,0.6779944896697998,0.3343338335834584,0.6632694474816532,0.39683160022411545,0.5972963004989006,0.39683160022411545
105_2.tif,105_8.tif,1,0.3271,0.44680866599082947,0.4830748707687177,0.3731543814418724,0.4621899777966171,0.6194553609086261,0.4621899777966171
102_6.tif,102_8.tif,1,0.4449,0.7018300890922546,0.679506419876605,0.693180738712666,0.6821045404554565,0.9040643789819898,0.6821045404554565
103_8.tif,105_4.tif,0,0.1437,0.3306790590286255,0.17725529431382356,0.22742334976841833,0.18678722485019658,0.19927473693577438,0.18678722485019658
102_3.tif,102_8.tif,1,0.1958,0.24381281435489655,0.2641320660330165,0.11841490838084619,0.23644580607910412,0.2188372358797311,0.23644580607910412
107_3.tif,107_8.tif,1,0.375,0.648761510848999,0.5629481407370351,0.626584985406189,0.5750391412241744,0.8072980280916008,0.5750391412241744
102_4.tif,104_4.tif,0,0.1158,0.2187563180923462,0.13073203268300818,0.08697151383244352,0.1224175341014009,0.12032191951920714,0.1224175341014009
108_8.tif,104_3.tif,0,0.1769,0.43182170391082764,0.23261630815407705,0.3543472442896694,0.2557451860198396,0.30040922733685654,0.2557451860198396
104_1.tif,104_5.tif,1,0.4486,0.7400778532028198,0.6856761714190429,0.7411778539087044,0.6962214910920785,0.9157603819057831,0.6962214910920785
109_1.tif,108_4.tif,0,0.1667,0.3866129517555237,0.21560780390195092,0.2976147859217857,0.23118913048571954,0.2616671582341631,0.23118913048571954
101_2.tif,101_6.tif,1,0.3314,0.7131468057632446,0.4902451225612806,0.7073820852836252,0.5315011454785261,0.7818242089916767,0.5315011454785261
109_5.tif,104_8.tif,0,0.2597,0.48801565170288086,0.3706853426713357,0.42486502351719596,0.3809794820320491,0.5074572830732091,0.3809794820320491
109_6.tif,107_8.tif,0,0.243,0.5585395097732544,0.34283808570952146,0.5133654056594755,0.37523827650001274,0.5062993385057102,0.37523827650001274
110_2.tif,102_4.tif,0,0.073,0.4300662577152252,0.059363014840753695,0.3521443350417664,0.1149914656789461,0.15481594529120016,0.1149914656789461
108_3.tif,108_8.tif,1,0.3308,0.6628993153572083,0.48924462231115556,0.6443265148100515,0.5187101818859459,0.7593288670631766,0.5187101818859459
108_2.tif,108_7.tif,1,0.2082,0.388285756111145,0.2848090712022678,0.2997139879333096,0.2876410053811657,0.34328912783934595,0.2876410053811657
107_6.tif,109_6.tif,0,0.2311,0.6532659530639648,0.32299483074870766,0.6322376094722816,0.3817509587061867,0.5405121874735931,0.3817509587061867
108_2.tif,101_5.tif,0,0.0515,0.31160831451416016,0.02351175587793896,0.2034914744648325,0.05770790240944873,0.09646521060747336,0.05770790240944873
105_6.tif,108_3.tif,0,0.156,0.37022265791893005,0.19776554944138736,0.27704660789449553,0.2128289505474779,0.22492782090461702,0.2128289505474779
102_2.tif,108_8.tif,0,0.3382,0.6030476689338684,0.5015841253960314,0.569218689951341,0.5144346926615402,0.7386310828127097,0.5144346926615402
102_2.tif,102_7.tif,1,0.3088,0.5937614440917969,0.45255961313990334,0.5575654073648668,0.4725107140426464,0.6811545261655839,0.4725107140426464
109_2.tif,109_7.tif,1,0.2905,0.7868309617042542,0.4220443555110889,0.7998483248943892,0.4938271096939159,0.7591926769024938,0.4938271096939159
101_2.tif,101_5.tif,1,0.3373,0.7803109884262085,0.5000833750208438,0.7916664111073031,0.5554841518772711,0.8085815381517073,0.5554841518772711
108_7.tif,108_8.tif,1,0.4269,0.7869490385055542,0.6494914123728531,0.7999964994600343,0.6780873789194175,0.9087985702830155,0.6780873789194175
101_4.tif,101_8.tif,1,0.2201,0.48659250140190125,0.30465232616308147,0.42307911235282214,0.3271534155391322,0.42512068983051077,0.3271534155391322
108_2.tif,108_3.tif,1,0.3716,0.6247049570083618,0.5572786393196598,0.5963964184988279,0.5647110173637018,0.7925361674842754,0.5647110173637018
102_2.tif,102_4.tif,1,0.3235,0.4954415261745453,0.47707186926796735,0.4341837526177382,0.4689231271044238,0.641717928454584,0.4689231271044238
102_7.tif,101_6.tif,0,0.1568,0.23637761175632477,0.19909954977488742,0.10908447341482012,0.18199668526647464,0.17161000817433486,0.18199668526647464
107_5.tif,106_3.tif,0,0.2127,0.5265355110168457,0.2923128230782058,0.473203590955622,0.3266820689749148,0.4377528675291292,0.3266820689749148
110_1.tif,110_6.tif,1,0.1575,0.7720087766647339,0.2002668000667,0.7812479664331128,0.31065322167631837,0.47201606442605,0.31065322167631837
105_5.tif,108_1.tif,0,0.1968,0.3978123962879181,0.2657995664498916,0.31166896769824387,0.27451475268707853,0.31583805704691714,0.27451475268707853
110_4.tif,110_7.tif,1,0.1758,0.6723757386207581,0.23078205769551446,0.6562184773758157,0.3116149774347717,0.44827893288752735,0.3116149774347717
107_6.tif,107_8.tif,1,0.5181,0.8308355808258057,0.8015674503918626,0.8550697168437157,0.8117328810177147,0.9591953216440802,0.8117328810177147
107_1.tif,109_8.tif,0,0.2,0.4262634217739105,0.271135567783892,0.3473721566153548,0.2856205196618699,0.34448425241964226,0.2856205196618699
104_1.tif,104_7.tif,1,0.3454,0.6367640495300293,0.513590128397532,0.6115293724474294,0.5321985847670125,0.7603968344079002,0.5321985847670125
104_6.tif,108_5.tif,0,0.2289,0.2779419720172882,0.31932632983158243,0.16124358477432663,0.28929060827070385,0.3052185757433009,0.28929060827070385
110_1.tif,110_4.tif,1,0.1379,0.8184229135513306,0.16758379189594796,0.8394930619746666,0.2952465532109044,0.43873082956835363,0.2952465532109044
105_4.tif,110_6.tif,0,0.1149,0.5257356762886047,0.12923128230782058,0.47219987843851385,0.19439531557265227,0.2539876858609331,0.19439531557265227
103_1.tif,103_7.tif,1,0.313,0.5180202722549438,0.4595631148907787,0.462517818720798,0.46012450861848236,0.6284363187605825,0.46012450861848236
106_7.tif,106_8.tif,1,0.3362,0.2660718560218811,0.49824912456228115,0.1463477774488334,0.4313878686107261,0.526596471007683,0.4313878686107261
106_2.tif,106_4.tif,1,0.2874,0.6641344428062439,0.41687510421877605,0.6458764761171173,0.4603853648794609,0.6855458243574357,0.4603853648794609
108_7.tif,107_3.tif,0,0.1633,0.2865782380104065,0.20993830248457565,0.17208123406899026,0.20274545948561443,0.20036718066163628,0.20274545948561443
103_3.tif,103_5.tif,1,0.3578,0.762144923210144,0.5342671335667835,0.7688698177609918,0.5788416435636831,0.8378058766375542,0.5788416435636831
110_2.tif,105_4.tif,0,0.069,0.6011046767234802,0.0526930131732533,0.56678042922903,0.15036962222385086,0.19444057897192316,0.15036962222385086
106_3.tif,106_5.tif,1,0.3982,0.8332118988037109,0.6016341504085376,0.8580517580265212,0.6503534958559545,0.8902430421958624,0.6503534958559545
104_4.tif,104_7.tif,1,0.417,0.7197582721710205,0.6329831582457895,0.7156788137896741,0.6486953327991276,0.8864874405221714,0.6486953327991276
104_5.tif,106_6.tif,0,0.144,0.18957151472568512,0.17775554443888608,0.05034750712935827,0.1535480173500758,0.13460472663454964,0.1535480173500758
102_1.tif,102_2.tif,1,0.2169,0.5904122591018677,0.2993163248290812,0.5533625154700679,0.3475851010508687,0.483920225849169,0.3475851010508687
107_7.tif,102_7.tif,0,0.1483,0.2722617983818054,0.18492579623144903,0.15411553547116594,0.17907184668699525,0.17966227140378815,0.17907184668699525
108_1.tif,108_8.tif,1,0.2769,0.6090978980064392,0.3993663498415874,0.576811121783935,0.43308085651063344,0.6253988771123381,0.43308085651063344
105_1.tif,105_2.tif,1,0.3411,0.5187956094741821,0.5064198766049692,0.46349078931641186,0.4982633500201433,0.692766080413146,0.4982633500201433
101_5.tif,101_7.tif,1,0.2487,0.6858391761779785,0.3523428380857095,0.6731137437631672,0.4132893101644265,0.6247124361018391,0.4132893101644265
106_3.tif,106_8.tif,1,0.371,0.476693332195282,0.5562781390695347,0.4106566459471601,0.5286100553762836,0.7047220024022393,0.5286100553762836
101_1.tif,109_6.tif,0,0.1633,0.32464349269866943,0.20993830248457565,0.21984931821000336,0.21182139547240691,0.22396089485388554,0.21182139547240691
110_3.tif,110_8.tif,1,0.1676,0.7212129831314087,0.21710855427713854,0.7175043304222504,0.3121837517447098,0.4922610577408222,0.3121837517447098
109_6.tif,109_7.tif,1,0.3386,0.7917985916137695,0.5022511255627814,0.806082203150097,0.5599790303043714,0.8145833294997057,0.5599790303043714
110_6.tif,107_4.tif,0,0.1949,0.4447324573993683,0.2626313156578289,0.3705489474968372,0.28313566570724047,0.3405702357286476,0.28313566570724047
101_6.tif,103_7.tif,0,0.0708,0.24019655585289001,0.05569451392362848,0.11387686596357673,0.06674916081121865,0.10036833597922334,0.06674916081121865
105_1.tif,101_6.tif,0,0.0918,0.222993865609169,0.09071202267800567,0.0922892117696531,0.09101168860541868,0.11328277048463749,0.09101168860541868
106_1.tif,106_7.tif,1,0.4891,0.7182474136352539,0.7532099383024845,0.7137828375706073,0.7457187891634278,0.9352924519995925,0.7457187891634278
103_1.tif,103_2.tif,1,0.2087,0.6385054588317871,0.28564282141070535,0.6137146667987098,0.34797647203442617,0.5088256831864358,0.34797647203442617
110_4.tif,103_8.tif,0,0.1065,0.5276340842247009,0.1152242788060697,0.47458219035966254,0.18350228200125232,0.21840127330140957,0.18350228200125232
107_2.tif,107_4.tif,1,0.4564,0.7227454781532288,0.6986826746706686,0.7194274582654107,0.7026241835536695,0.9107226710919285,0.7026241835536695
102_3.tif,109_4.tif,0,0.2409,0.5398707389831543,0.3393363348340837,0.4899379671407006,0.3679506449723409,0.5063985179159287,0.3679506449723409
110_2.tif,110_6.tif,1,0.1644,0.7390072345733643,0.21177255294313824,0.7398343347021841,0.3121042914773569,0.48476473777337753,0.3121042914773569
104_3.tif,107_4.tif,0,0.3172,0.6079713106155396,0.46656661664165416,0.5753973673845117,0.48724445928279714,0.6977919404184988,0.48724445928279714
105_8.tif,110_2.tif,0,0.0789,0.6276252865791321,0.06920126730031681,0.6000611397728209,0.17006464307009256,0.2610211921028004,0.17006464307009256
108_3.tif,108_7.tif,1,0.3224,0.5559595227241516,0.47523761880940474,0.5101277801804514,0.4818667494699036,0.6745062672499831,0.4818667494699036
106_5.tif,107_3.tif,0,0.1699,0.2784307301044464,0.2209438052359513,0.16185692724696146,0.20971729841804324,0.20158184780721014,0.20971729841804324
108_5.tif,101_3.tif,0,0.1301,0.2632015645503998,0.15457728864432213,0.14274584898042286,0.15232931510818126,0.1487993680766272,0.15232931510818126
109_5.tif,109_8.tif,1,0.3551,0.697131872177124,0.5297648824412207,0.6872849467955324,0.5596936946685399,0.8052965731526938,0.5596936946685399
108_4.tif,108_8.tif,1,0.3077,0.5007853507995605,0.4507253626813406,0.4408897175827186,0.4488565901126024,0.6057092149202034,0.4488565901126024
107_7.tif,101_5.tif,0,0.1879,0.5272101163864136,0.2509588127397032,0.47405015316358307,0.2933461674202404,0.3662966938714746,0.2933461674202404
108_5.tif,107_1.tif,0,0.1545,0.28831052780151367,0.19526429881607468,0.17425508434730563,0.19127254806700855,0.18827442839273106,0.19127254806700855
107_8.tif,108_4.tif,0,0.2536,0.5949432253837585,0.3605135901283975,0.5590484245849803,0.3982352086751482,0.5645831484431566,0.3982352086751482
102_3.tif,102_4.tif,1,0.1674,0.14945077896118164,0.21677505419376356,0.0,0.17558779389694848,0.15345075647445156,0.17558779389694848
103_1.tif,102_3.tif,0,0.3043,0.6749541163444519,0.44505586126396535,0.659454083312552,0.48579152345319676,0.7096563733805409,0.48579152345319676
101_6.tif,101_7.tif,1,0.2741,0.7228551506996155,0.3946973486743372,0.7195650863324409,0.4564222188293769,0.6807714625123934,0.4564222188293769
108_3.tif,102_3.tif,0,0.2955,0.2976374924182892,0.4303818575954644,0.1859594912728098,0.38394160799416,0.46663018268599643,0.38394160799416
105_4.tif,110_7.tif,0,0.0747,0.4147895574569702,0.06219776554944138,0.3329736054798709,0.11364517513622299,0.15197355753439254,0.11364517513622299
103_8.tif,108_5.tif,0,0.2236,0.5198094844818115,0.3104885776221444,0.46476310095781653,0.33980073705592206,0.4530646618939208,0.33980073705592206
106_3.tif,104_4.tif,0,0.2664,0.4309265613555908,0.3818575954643989,0.3532239299903974,0.37641719902433857,0.4765811595053133,0.37641719902433857
105_7.tif,104_2.tif,0,0.2339,0.7268527746200562,0.327663831915958,0.7245817041735562,0.4030782276449016,0.6227899325692292,0.4030782276449016
103_5.tif,108_5.tif,0,0.2236,0.3514113426208496,0.3104885776221444,0.2534402902875125,0.29964940302856435,0.3412352210649578,0.29964940302856435
101_3.tif,102_3.tif,0,0.1545,0.22845175862312317,0.19526429881607468,0.09913832114402434,0.17700036305838512,0.16404419577949575,0.17700036305838512
109_7.tif,102_2.tif,0,0.1581,0.18995985388755798,0.20126730031682505,0.05083483390311852,0.17268513169822083,0.15682871442550989,0.17268513169822083
106_6.tif,106_8.tif,1,0.2968,0.6075235605239868,0.43254960813740206,0.5748354858412882,0.4595839249011404,0.6672663762127582,0.4595839249011404
101_5.tif,110_8.tif,0,0.1792,0.46730566024780273,0.23645155911288973,0.3988760573986829,0.2673122137871904,0.3276372201193228,0.2673122137871904
105_3.tif,102_4.tif,0,0.1931,0.31747931241989136,0.25962981490745374,0.21085898912483958,0.2503633580087571,0.26094894260892754,0.2503633580087571
107_4.tif,107_8.tif,1,0.4103,0.6578654050827026,0.6218109054527263,0.6380094613312254,0.6248886310696411,0.8524204494088192,0.6248886310696411
103_5.tif,103_8.tif,1,0.2982,0.6621525287628174,0.43488410872102723,0.643389372390583,0.4745001088182428,0.7021649944828252,0.4745001088182428
107_1.tif,107_8.tif,1,0.3446,0.5112503170967102,0.5122561280640321,0.45402220269831794,0.5011916822445464,0.6939440331894579,0.5011916822445464
109_2.tif,109_4.tif,1,0.2211,0.5767029523849487,0.3063198265799566,0.5361587078998361,0.3499892140307337,0.48884941877439586,0.3499892140307337
108_4.tif,108_5.tif,1,0.3211,0.5070131421089172,0.47306986826746705,0.4487049722477491,0.46844053802372065,0.6436235054226611,0.46844053802372065
107_5.tif,107_8.tif,1,0.2787,0.40880700945854187,0.4023678505919627,0.32546610662016434,0.38775651923732096,0.49081230641897,0.38775651923732096
102_1.tif,107_5.tif,0,0.1457,0.45944350957870483,0.18059029514757377,0.38900984534345157,0.22019000968479055,0.26241518975884454,0.22019000968479055
110_4.tif,110_6.tif,1,0.3973,0.848818838596344,0.60013340003335,0.877636905145689,0.6528590660046945,0.8933049029334121,0.6528590660046945
102_5.tif,105_7.tif,0,0.1607,0.34265875816345215,0.20560280140070036,0.24245667296414805,0.21260503699775543,0.23711770519468847,0.21260503699775543
108_3.tif,109_7.tif,0,0.1697,0.2919788360595703,0.22061030515257624,0.17885844399801756,0.21267745153321008,0.20811544647604147,0.21267745153321008
101_3.tif,101_6.tif,1,0.2963,0.789039134979248,0.4317158579289645,0.8026193613070358,0.502187523570798,0.7718099517964435,0.502187523570798
102_6.tif,101_2.tif,0,0.122,0.15230128169059753,0.1410705352676338,0.003577095578055085,0.11494678172661385,0.10630857591438608,0.11494678172661385
110_5.tif,104_1.tif,0,0.2048,0.4719986021518707,0.2791395697848924,0.40476522970498374,0.3030084451697097,0.37842587133149863,0.3030084451697097
103_3.tif,103_7.tif,1,0.2804,0.5843155384063721,0.40520260130065033,0.5457117413047111,0.4318993379014219,0.6141142119454681,0.4318993379014219
102_2.tif,102_3.tif,1,0.2463,0.358357697725296,0.34834083708520924,0.26215727058411,0.33196595945000035,0.3869528753854876,0.33196595945000035
108_2.tif,108_5.tif,1,0.1301,0.29710689187049866,0.15457728864432213,0.18529364070068843,0.16041339553503173,0.16261053937338807,0.16041339553503173
101_4.tif,106_6.tif,0,0.0699,0.16994237899780273,0.05419376354844089,0.02571490675025278,0.048782780756785146,0.07406762898879557,0.048782780756785146
110_1.tif,105_8.tif,0,0.0579,0.6403871774673462,0.03418375854593963,0.6160760353183539,0.1447432911326983,0.22596435183471245,0.1447432911326983
103_3.tif,103_8.tif,1,0.2897,0.7042917013168335,0.4207103551775888,0.6962698156367325,0.4730666526648261,0.6991756735848106,0.4730666526648261
105_1.tif,102_5.tif,0,0.1295,0.28304317593574524,0.1535767883941971,0.16764508503993383,0.1562497647568871,0.1564446226044236,0.1562497647568871
101_1.tif,101_5.tif,1,0.3678,0.8591964244842529,0.5509421377355345,0.8906597365948393,0.6154884815188024,0.8715292329231245,0.6154884815188024
109_5.tif,103_1.tif,0,0.249,0.4050863981246948,0.35284308821077204,0.32079711184509424,0.34675435270129323,0.4151000344597425,0.34675435270129323
107_1.tif,107_7.tif,1,0.2976,0.5343399047851562,0.43388360847090207,0.4829973238820749,0.4432152143990249,0.6196480522247129,0.4432152143990249
106_4.tif,106_5.tif,1,0.341,0.7723109722137451,0.5062531265632817,0.7816271915960712,0.5585741989195117,0.8255458456323336,0.5585741989195117
104_4.tif,102_6.tif,0,0.1853,0.2446715533733368,0.24662331165582788,0.1194925398855862,0.22246846501948198,0.21140340138203473,0.22246846501948198
101_6.tif,110_3.tif,0,0.1056,0.6353026628494263,0.1137235284308821,0.6096954784542513,0.20795819893532222,0.2891906518057401,0.20795819893532222
105_7.tif,105_8.tif,1,0.351,0.558780312538147,0.5229281307320327,0.513667589024042,0.5211686278075145,0.7231491595100945,0.5211686278075145
104_2.tif,104_4.tif,1,0.6371,0.92585289478302,1.0,0.974306934225602,0.9951183175028644,0.989506493102535,0.9951183175028644
101_3.tif,101_5.tif,1,0.3212,0.803778886795044,0.4732366183091546,0.8211162743244519,0.5393337529520611,0.8108480779361432,0.5393337529520611
105_5.tif,105_8.tif,1,0.4737,0.7487102746963501,0.727530431882608,0.7520106787412357,0.7321816787857474,0.9298723525464297,0.7321816787857474
105_2.tif,102_3.tif,0,0.2,0.5291144847869873,0.271135567783892,0.4764399448709834,0.31014339943043934,0.411128641082277,0.31014339943043934
110_8.tif,104_5.tif,0,0.2634,0.5974822640419006,0.3768550942137736,0.5622346639324557,0.4120772124603232,0.5937946575988878,0.4120772124603232
102_7.tif,110_8.tif,0,0.2161,0.46934574842453003,0.29798232449558104,0.4014361638390332,0.31763855397083696,0.3983107618478434,0.31763855397083696
109_5.tif,102_4.tif,0,0.098,0.1538572907447815,0.10105052526263132,0.005529731177978073,0.0829015743865472,0.10162227836276827,0.0829015743865472
101_3.tif,101_4.tif,1,0.2716,0.4554479122161865,0.3905285976321494,0.3839957706296619,0.3892873605016768,0.49900966265666763,0.3892873605016768
108_1.tif,105_3.tif,0,0.1542,0.38391393423080444,0.19476404869101216,0.29422778911131614,0.2136621593708699,0.24604984049779322,0.2136621593708699
105_7.tif,106_3.tif,0,0.1946,0.4837489128112793,0.2621310655327664,0.41951069332681895,0.2920331948136364,0.37201602166960945,0.2920331948136364
102_1.tif,104_2.tif,0,0.1008,0.22178003191947937,0.1057195264298816,0.09076597199897138,0.10287835108800865,0.10784502151524107,0.10287835108800865
102_5.tif,106_4.tif,0,0.3142,0.4118494391441345,0.4615641153910288,0.32928405131552235,0.4364309032166826,0.5778467080026409,0.4364309032166826
109_4.tif,107_4.tif,0,0.2864,0.49512219429016113,0.4152076038019009,0.43378302306930633,0.41873693346270796,0.5622310174142481,0.41873693346270796
105_5.tif,107_2.tif,0,0.2045,0.5047752857208252,0.27863931965982985,0.44589668649956926,0.31041821935938035,0.40576320080023703,0.31041821935938035
108_8.tif,102_7.tif,0,0.3192,0.8049197196960449,0.4699016174754044,0.8225479054130166,0.5369044121835507,0.8117761618415523,0.5369044121835507
108_7.tif,106_6.tif,0,0.2816,0.8742907643318176,0.4072036018009005,0.9096016220963656,0.5026592256570388,0.7691417937109598,0.5026592256570388
106_5.tif,103_1.tif,0,0.2957,0.6341196298599243,0.43071535767883945,0.608210890479025,0.4644395089108747,0.6775451868586742,0.4644395089108747
108_5.tif,108_7.tif,1,0.3618,0.5926903486251831,0.5409371352342839,0.5562212897754464,0.5438411245971048,0.7641306080961181,0.5438411245971048
101_6.tif,107_7.tif,0,0.1615,0.5119583606719971,0.20693680173420043,0.45491072650715075,0.25405184744106096,0.32657798643659175,0.25405184744106096
105_1.tif,105_5.tif,1,0.1304,0.22548961639404297,0.15507753876938465,0.09542112916947595,0.143742820945402,0.1372456284738706,0.143742820945402
102_2.tif,104_7.tif,0,0.125,0.18347987532615662,0.14607303651825912,0.04270310948178096,0.12643275038132826,0.11976101017887261,0.12643275038132826
106_1.tif,106_4.tif,1,0.4636,0.9085851907730103,0.7106886776721695,0.9526376942631386,0.7566589908244535,0.9477628952387448,0.7566589908244535
101_5.tif,107_1.tif,0,0.2619,0.5999655723571777,0.37435384358846097,0.5653509672784782,0.41064329708956426,0.5896215359062023,0.41064329708956426
103_1.tif,103_4.tif,1,0.4304,0.818200945854187,0.655327663831916,0.8392145147346554,0.6902661655034364,0.9113057379362091,0.6902661655034364
107_4.tif,107_7.tif,1,0.2615,0.5706848502159119,0.3736868434217109,0.5286065921151385,0.4031215956734621,0.5708529144833419,0.4031215956734621
106_6.tif,105_2.tif,0,0.1729,0.3934762477874756,0.22594630648657663,0.30622753539696645,0.2411997399795507,0.2638149313938119,0.2411997399795507
108_7.tif,102_6.tif,0,0.315,0.667985200881958,0.46289811572452894,0.6507087920249921,0.49858214422161695,0.736508540704803,0.49858214422161695
107_2.tif,107_7.tif,1,0.3636,0.8209340572357178,0.543938635984659,0.8426442959224842,0.6006927113728457,0.8555214434486165,0.6006927113728457
102_7.tif,102_8.tif,1,0.3667,0.6393928527832031,0.5491078872769719,0.6148282573758547,0.5615947575957596,0.8005079861165061,0.5615947575957596
108_7.tif,103_3.tif,0,0.3224,0.8239336013793945,0.47523761880940474,0.8464084235557617,0.5457600717112125,0.8240912141406201,0.5457600717112125
105_1.tif,105_4.tif,1,0.1208,0.2442559003829956,0.13906953476738368,0.11897093699132778,0.13525080118993305,0.13326970680298478,0.13525080118993305
109_5.tif,109_6.tif,1,0.3625,0.7267590761184692,0.5421043855260964,0.7244641219336804,0.5767527354435373,0.8214985180953529,0.5767527354435373
103_8.tif,107_8.tif,0,0.2034,0.36704784631729126,0.27680506920126724,0.2730625371464885,0.2760939881108593,0.3088436372100056,0.2760939881108593
103_5.tif,103_7.tif,1,0.5183,0.8230410814285278,0.8019009504752376,0.8452884003624406,0.8101445659538061,0.9595920596625527,0.8101445659538061
104_5.tif,104_8.tif,1,0.407,0.5768028497695923,0.6163081540770384,0.5362840691174137,0.6011035779347097,0.8206826465033519,0.6011035779347097
110_2.tif,110_3.tif,1,0.2444,0.89423668384552,0.3451725862931466,0.9346317544152805,0.457169828236352,0.7460551994868808,0.457169828236352
106_4.tif,110_5.tif,0,0.1264,0.42336583137512207,0.14840753710188428,0.3437359707259118,0.18551993949044948,0.21692544911151349,0.18551993949044948
102_6.tif,102_7.tif,1,0.3228,0.5305756330490112,0.4759046189761547,0.47827353967271147,0.4763547139085005,0.6652769372005621,0.4763547139085005
107_2.tif,107_8.tif,1,0.5085,0.91131192445755,0.7855594463898615,0.9560594720796782,0.8179544512709267,0.9646635752016408,0.8179544512709267
106_4.tif,106_6.tif,1,0.3142,0.6416562795639038,0.4615641153910288,0.617668631407054,0.4912239734340736,0.7142648231317155,0.4912239734340736
110_5.tif,108_1.tif,0,0.0957,0.41789573431015015,0.09721527430381856,0.33687154648919027,0.14274996601903917,0.1605921277555857,0.14274996601903917
106_2.tif,106_3.tif,1,0.3394,0.7675153613090515,0.5035851258962815,0.7756091799715857,0.5552696961705892,0.8063418521811234,0.5552696961705892
101_6.tif,101_8.tif,1,0.4596,0.8859157562255859,0.704018676004669,0.9241898232122601,0.7458511939741113,0.9453823718996271,0.7458511939741113
104_3.tif,105_2.tif,0,0.185,0.7448373436927795,0.24612306153076538,0.7471505380285048,0.3413182820653359,0.5457060786666464,0.3413182820653359
105_4.tif,101_5.tif,0,0.2414,0.7105259895324707,0.3401700850425213,0.7040932232687773,0.4093154813055099,0.6263314548966036,0.4093154813055099
104_4.tif,107_5.tif,0,0.2587,0.5612136125564575,0.36901784225446055,0.5167211369634133,0.3970814682491616,0.5543090542467134,0.3970814682491616
108_4.tif,108_7.tif,1,0.2776,0.40276414155960083,0.40053360013340006,0.3178829123235911,0.38482996944953635,0.4706636273599445,0.38482996944953635
104_7.tif,107_3.tif,0,0.2932,0.6352572441101074,0.42654660663665167,0.6096384824830138,0.46133406304746044,0.6767230933055968,0.46133406304746044
108_3.tif,101_6.tif,0,0.0596,0.2816148102283478,0.03701850925462731,0.1658526290625898,0.06149699201814017,0.09620702216192185,0.06149699201814017
108_5.tif,105_5.tif,0,0.1789,0.3857150077819824,0.23595130898782726,0.29648795612297546,0.24745327194350542,0.2880652719921462,0.24745327194350542
107_3.tif,107_4.tif,1,0.3641,0.43231916427612305,0.5447723861930965,0.35497150725023163,0.5087102191939522,0.6630814031713734,0.5087102191939522
108_3.tif,108_5.tif,1,0.2683,0.33717191219329834,0.3850258462564615,0.23557123052805945,0.35662946926806516,0.4211923211133288,0.35662946926806516
110_2.tif,104_8.tif,0,0.1357,0.6084975004196167,0.1639152909788227,0.5760576829148069,0.2422223454466597,0.3457754585104981,0.2422223454466597
101_2.tif,109_3.tif,0,0.0965,0.20184558629989624,0.09854927463731866,0.06575023826859104,0.09231745772726041,0.1037380410342861,0.09231745772726041
107_1.tif,107_2.tif,1,0.3523,0.4988833963871002,0.5250958812739703,0.43850295518875015,0.5086432253177785,0.6870084857814044,0.5086432253177785
106_3.tif,102_6.tif,0,0.2953,0.5892244577407837,0.4300483575120894,0.5518719436658402,0.4531948388813021,0.6458715578478742,0.4531948388813021
104_2.tif,106_2.tif,0,0.1331,0.34633708000183105,0.15957978989494745,0.24707259865576273,0.17620342355950233,0.18191853372918879,0.17620342355950233
104_4.tif,106_8.tif,0,0.2162,0.3024780750274658,0.29814907453726863,0.19203393788456385,0.2779871985732547,0.29738867476631475,0.2779871985732547
102_1.tif,102_4.tif,1,0.2747,0.5232840776443481,0.39569784892446225,0.46912336755535006,0.4096486974643309,0.5649362199925996,0.4096486974643309
109_7.tif,104_4.tif,0,0.2857,0.7430922985076904,0.4140403535100884,0.744960681007611,0.4769152157346177,0.7304533639994872,0.4769152157346177
103_2.tif,103_6.tif,1,0.2126,0.5017290115356445,0.2921460730365183,0.4420739173420789,0.3206323634545748,0.40304822532672746,0.3206323634545748
107_2.tif,101_7.tif,0,0.203,0.46044543385505676,0.2761380690345173,0.3902671600134217,0.29782259632050917,0.35782643254237456,0.29782259632050917
107_5.tif,107_6.tif,1,0.3212,0.496052086353302,0.4732366183091546,0.43494994452242536,0.465962150289676,0.6415333545899816,0.465962150289676
107_2.tif,109_7.tif,0,0.2524,0.5722811222076416,0.3585125896281474,0.5306097536711913,0.3912110507963258,0.5527312407497365,0.3912110507963258
107_6.tif,102_6.tif,0,0.1339,0.23446744680404663,0.16091379022844754,0.10668740761529005,0.1506107775319476,0.1433032558793347,0.1506107775319476
102_4.tif,102_8.tif,1,0.3583,0.6554902791976929,0.5351008837752209,0.6350289161056702,0.5540872099180063,0.7887592549329128,0.5540872099180063
108_6.tif,108_7.tif,1,0.4082,0.7165398597717285,0.6183091545772886,0.7116400284052363,0.6360420206045987,0.8744099615154878,0.6360420206045987
102_4.tif,102_6.tif,1,0.3071,0.3834739327430725,0.44972486243121557,0.29367563129021973,0.4200755085144264,0.5157454694283644,0.4200755085144264
102_3.tif,102_6.tif,1,0.2598,0.41362011432647705,0.37085209271302316,0.3315060714172983,0.36337634866683544,0.45634833382268086,0.36337634866683544
109_2.tif,101_4.tif,0,0.1925,0.35144948959350586,0.2586293146573287,0.25348816091952303,0.2576524954471456,0.27534486573462574,0.2576524954471456
102_4.tif,102_5.tif,1,0.309,0.6460216045379639,0.4528931132232783,0.6231466772620332,0.4852412903906417,0.7135185356733238,0.4852412903906417
102_1.tif,102_8.tif,1,0.2167,0.5577489733695984,0.2989828247457062,0.51237336160892,0.3395270267497168,0.4681605392313776,0.3395270267497168
109_4.tif,109_5.tif,1,0.3102,0.5688056945800781,0.4548941137235284,0.5262484399035826,0.46845143569773867,0.6665501351859039,0.46845143569773867
103_1.tif,102_3.tif,0,0.3043,0.6749541163444519,0.44505586126396535,0.659454083312552,0.48579152345319676,0.7096563733805409,0.48579152345319676
109_3.tif,105_6.tif,0,0.2193,0.549425482749939,0.30331832582958146,0.5019282140978114,0.34105420460054514,0.46511593257520917,0.34105420460054514
103_5.tif,103_6.tif,1,0.5183,0.8904834985733032,0.8019009504752376,0.9299218826083451,0.826224927580528,0.9666001794152492,0.826224927580528
110_8.tif,108_1.tif,0,0.2447,0.583513617515564,0.34567283641820906,0.5447054108624149,0.3834890255626081,0.5444100311661402,0.3834890255626081
107_5.tif,107_7.tif,1,0.1749,0.3923739790916443,0.22928130732032684,0.3048442985254499,0.2436382756493002,0.26674847289030196,0.2436382756493002
105_4.tif,105_5.tif,1,0.3908,0.6026048064231873,0.5892946473236618,0.5686629418328438,0.5853746232804063,0.8160642749072741,0.5853746232804063
103_5.tif,104_4.tif,0,0.1969,0.3280467987060547,0.2659663164915791,0.2241201265639672,0.2580155404053328,0.2896669112920548,0.2580155404053328
102_5.tif,108_6.tif,0,0.2922,0.7411888837814331,0.4248791062197766,0.7425720860660109,0.48524077239056107,0.7396930393364485,0.48524077239056107
108_5.tif,108_6.tif,1,0.3862,0.4156104326248169,0.5816241454060364,0.33400372164244735,0.5345762648909544,0.6911093726938661,0.5345762648909544
106_4.tif,106_7.tif,1,0.41,0.746524453163147,0.6213106553276638,0.7492676915270328,0.6456224922055439,0.8827148914318844,0.6456224922055439
102_4.tif,102_7.tif,1,0.2542,0.5159463286399841,0.36151409037852256,0.45991522709453836,0.38021030635456554,0.515901811886102,0.38021030635456554
107_5.tif,106_2.tif,0,0.178,0.4932640790939331,0.23445055861263966,0.4314512745032188,0.2718806946318497,0.34573270042640863,0.2718806946318497
106_2.tif,103_3.tif,0,0.2897,0.6705107092857361,0.4207103551775888,0.6538780522576763,0.4650122176228054,0.6912213776165227,0.4650122176228054
104_7.tif,107_1.tif,0,0.2851,0.5663330554962158,0.41303985325996334,0.5231455253749505,0.4339599309618109,0.6162985126442742,0.4339599309618109
107_2.tif,108_4.tif,0,0.2871,0.6139687299728394,0.41637485409371355,0.5829235283109162,0.4480191021949821,0.651715705800887,0.4480191021949821
104_4.tif,106_5.tif,0,0.2278,0.4331294596195221,0.3174920793730199,0.35598834679221136,0.3248063701826662,0.40038887465875156,0.3248063701826662
104_8.tif,103_2.tif,0,0.186,0.4800458550453186,0.2477905619476405,0.41486372652225995,0.2795344632168182,0.348172546040046,0.2795344632168182
109_2.tif,109_5.tif,1,0.298,0.8564343452453613,0.43455060863765216,0.8871936036458273,0.5205527776892054,0.7855198583576759,0.5205527776892054
104_2.tif,106_6.tif,0,0.1935,0.27855342626571655,0.26029681507420377,0.16201089864695153,0.24162249095302585,0.24611196778417838,0.24162249095302585
108_5.tif,106_7.tif,0,0.3008,0.6844850778579712,0.4392196098049025,0.6714144859225187,0.4833366362672496,0.7218575746333603,0.4833366362672496
108_5.tif,108_8.tif,1,0.3615,0.5472671985626221,0.5404368851092213,0.499219783496091,0.5326056358027266,0.7434319333503253,0.5326056358027266
105_1.tif,105_7.tif,1,0.2837,0.41594433784484863,0.4107053526763382,0.3344227392682645,0.3962116561288042,0.49318454070909246,0.3962116561288042
104_3.tif,104_8.tif,1,0.3062,0.48932358622550964,0.4482241120560281,0.4265063504133255,0.4440977373439146,0.6085778649818115,0.4440977373439146
105_1.tif,110_4.tif,0,0.0676,0.4050002992153168,0.05035851258962813,0.32068906633268923,0.10172131780080973,0.13433814536048938,0.10172131780080973
110_3.tif,103_3.tif,0,0.0935,0.5419836044311523,0.09354677338669334,0.4925894017711835,0.16936487277974643,0.22479024078350054,0.16936487277974643
110_4.tif,102_4.tif,0,0.073,0.4008468687534332,0.059363014840753695,0.31547692687895595,0.1080246581280121,0.13003115900002557,0.1080246581280121
107_3.tif,108_5.tif,0,0.1911,0.324394166469574,0.2562948140737035,0.2195364387510971,0.2493107227624083,0.25684859272353294,0.2493107227624083
104_4.tif,105_4.tif,0,0.1467,0.5180761814117432,0.18225779556444888,0.4625879791158384,0.23552053043921287,0.2984646619327423,0.23552053043921287
109_3.tif,108_7.tif,0,0.2,0.49543091654777527,0.271135567783892,0.43417043859821025,0.30211219323861244,0.386506363355396,0.30211219323861244
104_2.tif,103_2.tif,0,0.2177,0.552699089050293,0.30065032516258133,0.5060362623029394,0.33967365321924936,0.46438792669186996,0.33967365321924936
101_5.tif,103_1.tif,0,0.1304,0.36289480328559875,0.15507753876938465,0.2678508838788616,0.17650447434018526,0.19071933365075655,0.17650447434018526
103_2.tif,103_7.tif,1,0.1887,0.4449191391468048,0.2522928130732032,0.37078321440223866,0.2748059893257199,0.3380805033013795,0.2748059893257199
106_2.tif,106_7.tif,1,0.2358,0.46040934324264526,0.3308320827080207,0.390221869907668,0.34211614227595366,0.4423913441716729,0.34211614227595366
107_8.tif,110_1.tif,0,0.0904,0.6469684839248657,0.0883775220943805,0.6243349161059695,0.19020942695658238,0.26906390857961177,0.19020942695658238
103_6.tif,103_8.tif,1,0.2415,0.5785956382751465,0.34033683508420876,0.5385338392261833,0.3779942658711839,0.5158363830246538,0.3779942658711839
103_4.tif,103_6.tif,1,0.3237,0.5523019433021545,0.4774053693513423,0.5055378841449923,0.48275054716213583,0.6749932419910016,0.48275054716213583
101_5.tif,109_3.tif,0,0.0921,0.1941848248243332,0.09121227280306819,0.05613674949133714,0.08454792337383929,0.09374704412117613,0.08454792337383929
106_4.tif,104_7.tif,0,0.2299,0.34176763892173767,0.32099383024845757,0.24133840752059596,0.30585929993016386,0.34275381981194936,0.30585929993016386
104_6.tif,104_8.tif,1,0.345,0.523642897605896,0.512923128230782,0.469573650687699,0.5046867274975962,0.7021045949409962,0.5046867274975962
102_8.tif,105_4.tif,0,0.0625,0.15751956403255463,0.04185426046356511,0.010125517545110216,0.03582579930905868,0.07112404060819866,0.03582579930905868
109_4.tif,110_8.tif,0,0.1859,0.5003559589385986,0.247623811905953,0.4403508737811501,0.2842419536622405,0.36147376163324296,0.2842419536622405
108_2.tif,110_1.tif,0,0.0567,0.573879599571228,0.03218275804568951,0.5326156827481573,0.12726501373915836,0.1867914729446712,0.12726501373915836
103_1.tif,103_8.tif,1,0.3739,0.8891058564186096,0.5611138902784726,0.9281930796120026,0.6308589362518433,0.8836310634784686,0.6308589362518433
102_1.tif,102_5.tif,1,0.2768,0.6565135717391968,0.39919959979989994,0.6363130458093526,0.4442511545416959,0.6587658510844377,0.4442511545416959
105_2.tif,108_4.tif,0,0.1776,0.4890475571155548,0.2337835584458896,0.42615996151201185,0.27033507502845283,0.3422577394965749,0.27033507502845283
102_5.tif,109_6.tif,0,0.1912,0.27669987082481384,0.256461564115391,0.15968487211734647,0.23807399263576257,0.25441998584565345,0.23807399263576257
104_6.tif,103_5.tif,0,0.0763,0.20850253105163574,0.06486576621644156,0.07410403754373993,0.06662103776862825,0.08581308167135542,0.06662103776862825
102_3.tif,102_7.tif,1,0.2966,0.3886788487434387,0.432216108054027,0.30020727983660556,0.4071344306927169,0.5146792125524177,0.4071344306927169
109_1.tif,109_4.tif,1,0.4103,0.8098582029342651,0.6218109054527263,0.8287452075139539,0.6611284228443596,0.9024172853428862,0.6611284228443596
101_6.tif,105_6.tif,0,0.1576,0.2584998309612274,0.2004335501083875,0.13684564398940086,0.18835184794578003,0.19664571892965113,0.18835184794578003
109_8.tif,107_8.tif,0,0.2432,0.6605634689331055,0.3431715857928964,0.6413952613758948,0.39983408415366606,0.5960907338292986,0.39983408415366606
104_7.tif,104_8.tif,1,0.4147,0.6277773380279541,0.6291479072869769,0.6002519491201004,0.6236576752352704,0.8505327996655669,0.6236576752352704
107_5.tif,106_5.tif,0,0.2136,0.5203920602798462,0.2938135734533934,0.46549417526605225,0.32643288779779855,0.43531043898831406,0.32643288779779855
107_8.tif,101_4.tif,0,0.1356,0.4851416349411011,0.16374854093713523,0.42125842018237813,0.21267541799373135,0.26449230460601053,0.21267541799373135
102_3.tif,101_3.tif,0,0.1636,0.22845175862312317,0.21043855260963812,0.09913832114402434,0.1892915086311715,0.18026785682205124,0.1892915086311715
107_4.tif,101_6.tif,0,0.1231,0.33964431285858154,0.14290478572619641,0.23867384586524149,0.16110090715261496,0.18294627637254168,0.16110090715261496
103_2.tif,103_5.tif,1,0.2064,0.5424822568893433,0.2818075704518926,0.493215160688996,0.3219750125969422,0.4149806376689375,0.3219750125969422
105_1.tif,105_6.tif,1,0.2754,0.47929251194000244,0.3968650992162748,0.41391835633791463,0.40010521806938637,0.5250805955143937,0.40010521806938637
109_8.tif,102_6.tif,0,0.1024,0.20238947868347168,0.10838752709688178,0.06643276876405359,0.10041612301364441,0.10450203619279942,0.10041612301364441
109_1.tif,106_7.tif,0,0.2179,0.46195390820503235,0.3009838252459563,0.39216014431798785,0.3183073258696423,0.38991247257262623,0.3183073258696423
105_3.tif,105_8.tif,1,0.1393,0.2525591552257538,0.16991829247957313,0.12939069062811207,0.16221804812779553,0.15588835928671826,0.16221804812779553
